<?xml version="1.0" encoding="UTF-8"?>
<sbml xmlns="http://www.sbml.org/sbml/level2" xmlns:html="http://www.w3.org/1999/xhtml" xmlns:jigcell="http://www.sbml.org/2001/ns/jigcell" xmlns:math="http://www.w3.org/1998/Math/MathML" xmlns:rdf="http://www.w3.org/1999/02/22-rdf-syntax-ns#" xmlns:sbml="http://www.sbml.org/sbml/level2" xmlns:xlink="http://www.w3.org/1999/xlink" level="2" version="1">
  <model name="insilico_size10_1">
<notes><p xmlns="http://www.w3.org/1999/xhtml"></p></notes>
    <listOfCompartments>
      <compartment id="cell" name="cell" size="1.0" />
    </listOfCompartments>
    <listOfSpecies>
      <species id="G1" name="G1" compartment="cell" />
      <species id="G2" name="G2" compartment="cell" />
      <species id="G3" name="G3" compartment="cell" />
      <species id="G4" name="G4" compartment="cell" />
      <species id="G5" name="G5" compartment="cell" />
      <species id="G6" name="G6" compartment="cell" />
      <species id="G7" name="G7" compartment="cell" />
      <species id="G8" name="G8" compartment="cell" />
      <species id="G9" name="G9" compartment="cell" />
      <species id="G10" name="G10" compartment="cell" />
      <species id="_void_" name="_void_" compartment="cell" initialAmount="0.0" boundaryCondition="true" constant="true" />
    </listOfSpecies>
    <listOfReactions>
      <reaction id="G1_synthesis" name="G1_synthesis: no inputs" reversible="false">
        <listOfReactants>
          <speciesReference species="_void_" />
        </listOfReactants>
        <listOfProducts>
          <speciesReference species="G1" />
        </listOfProducts>
        <kineticLaw>
          <listOfParameters>
            <parameter id="max" name="max" value="0.02198591818543997" />
            <parameter id="deltaProtein" name="deltaProtein" value="0.0294749131957585" />
            <parameter id="maxTranslation" name="maxTranslation" value="0.0294749131957585" />
            <parameter id="a_0" name="a_0" value="1.0" />
          </listOfParameters>
        </kineticLaw>
      </reaction>
      <reaction id="G1_degradation" name="G1_degradation" reversible="false">
        <listOfReactants>
          <speciesReference species="G1" />
        </listOfReactants>
        <listOfProducts>
          <speciesReference species="_void_" />
        </listOfProducts>
        <kineticLaw>
          <listOfParameters>
            <parameter id="delta" name="delta" value="0.02198591818543997" />
          </listOfParameters>
        </kineticLaw>
      </reaction>
      <reaction id="G2_synthesis" name="G2_synthesis: ~(1) + ~(2*3)" reversible="false">
        <listOfReactants>
          <speciesReference species="_void_" />
        </listOfReactants>
        <listOfProducts>
          <speciesReference species="G2" />
        </listOfProducts>
        <listOfModifiers>
          <modifierSpeciesReference species="G8" />
          <modifierSpeciesReference species="G6" />
          <modifierSpeciesReference species="G1" />
        </listOfModifiers>
        <kineticLaw>
          <listOfParameters>
            <parameter id="max" name="max" value="0.037329506101221294" />
            <parameter id="deltaProtein" name="deltaProtein" value="0.01914504849197947" />
            <parameter id="maxTranslation" name="maxTranslation" value="0.01914504849197947" />
            <parameter id="bindsAsComplex_1" name="bindsAsComplex_1" value="1.0" />
            <parameter id="numActivators_1" name="numActivators_1" value="1.0" />
            <parameter id="numDeactivators_1" name="numDeactivators_1" value="0.0" />
            <parameter id="bindsAsComplex_2" name="bindsAsComplex_2" value="1.0" />
            <parameter id="numActivators_2" name="numActivators_2" value="2.0" />
            <parameter id="numDeactivators_2" name="numDeactivators_2" value="0.0" />
            <parameter id="a_0" name="a_0" value="1.0" />
            <parameter id="a_1" name="a_1" value="0.36224480014468297" />
            <parameter id="a_2" name="a_2" value="0.3642788734615722" />
            <parameter id="a_3" name="a_3" value="0.0" />
            <parameter id="k_1" name="k_1" value="0.8202957653230988" />
            <parameter id="k_2" name="k_2" value="0.10124375272542238" />
            <parameter id="k_3" name="k_3" value="0.033431552816182375" />
            <parameter id="n_1" name="n_1" value="2.417515812506219" />
            <parameter id="n_2" name="n_2" value="4.9149901237068505" />
            <parameter id="n_3" name="n_3" value="3.3852618871162323" />
          </listOfParameters>
        </kineticLaw>
      </reaction>
      <reaction id="G2_degradation" name="G2_degradation" reversible="false">
        <listOfReactants>
          <speciesReference species="G2" />
        </listOfReactants>
        <listOfProducts>
          <speciesReference species="_void_" />
        </listOfProducts>
        <kineticLaw>
          <listOfParameters>
            <parameter id="delta" name="delta" value="0.037329506101221294" />
          </listOfParameters>
        </kineticLaw>
      </reaction>
      <reaction id="G3_synthesis" name="G3_synthesis: ~(1) + (2) + (3*4)" reversible="false">
        <listOfReactants>
          <speciesReference species="_void_" />
        </listOfReactants>
        <listOfProducts>
          <speciesReference species="G3" />
        </listOfProducts>
        <listOfModifiers>
          <modifierSpeciesReference species="G4" />
          <modifierSpeciesReference species="G10" />
          <modifierSpeciesReference species="G7" />
          <modifierSpeciesReference species="G1" />
        </listOfModifiers>
        <kineticLaw>
          <listOfParameters>
            <parameter id="max" name="max" value="0.0352392844872434" />
            <parameter id="deltaProtein" name="deltaProtein" value="0.027130583729343953" />
            <parameter id="maxTranslation" name="maxTranslation" value="0.027130583729343953" />
            <parameter id="bindsAsComplex_1" name="bindsAsComplex_1" value="1.0" />
            <parameter id="numActivators_1" name="numActivators_1" value="1.0" />
            <parameter id="numDeactivators_1" name="numDeactivators_1" value="0.0" />
            <parameter id="bindsAsComplex_2" name="bindsAsComplex_2" value="1.0" />
            <parameter id="numActivators_2" name="numActivators_2" value="1.0" />
            <parameter id="numDeactivators_2" name="numDeactivators_2" value="0.0" />
            <parameter id="bindsAsComplex_3" name="bindsAsComplex_3" value="0.0" />
            <parameter id="numActivators_3" name="numActivators_3" value="2.0" />
            <parameter id="numDeactivators_3" name="numDeactivators_3" value="0.0" />
            <parameter id="a_0" name="a_0" value="0.519005173831996" />
            <parameter id="a_1" name="a_1" value="0.0" />
            <parameter id="a_2" name="a_2" value="1.0" />
            <parameter id="a_3" name="a_3" value="0.3798047960226494" />
            <parameter id="a_4" name="a_4" value="1.0" />
            <parameter id="a_5" name="a_5" value="0.4401718920153618" />
            <parameter id="a_6" name="a_6" value="1.0" />
            <parameter id="a_7" name="a_7" value="0.9946499581776337" />
            <parameter id="k_1" name="k_1" value="0.2660600562696345" />
            <parameter id="k_2" name="k_2" value="0.8830312644317746" />
            <parameter id="k_3" name="k_3" value="0.7435349195450545" />
            <parameter id="k_4" name="k_4" value="0.014286839594133198" />
            <parameter id="n_1" name="n_1" value="1.4974109550949721" />
            <parameter id="n_2" name="n_2" value="2.217121248268233" />
            <parameter id="n_3" name="n_3" value="4.891663865868665" />
            <parameter id="n_4" name="n_4" value="5.696457087916404" />
          </listOfParameters>
        </kineticLaw>
      </reaction>
      <reaction id="G3_degradation" name="G3_degradation" reversible="false">
        <listOfReactants>
          <speciesReference species="G3" />
        </listOfReactants>
        <listOfProducts>
          <speciesReference species="_void_" />
        </listOfProducts>
        <kineticLaw>
          <listOfParameters>
            <parameter id="delta" name="delta" value="0.0352392844872434" />
          </listOfParameters>
        </kineticLaw>
      </reaction>
      <reaction id="G4_synthesis" name="G4_synthesis: (1*2*3) + (4)" reversible="false">
        <listOfReactants>
          <speciesReference species="_void_" />
        </listOfReactants>
        <listOfProducts>
          <speciesReference species="G4" />
        </listOfProducts>
        <listOfModifiers>
          <modifierSpeciesReference species="G3" />
          <modifierSpeciesReference species="G7" />
          <modifierSpeciesReference species="G10" />
          <modifierSpeciesReference species="G1" />
        </listOfModifiers>
        <kineticLaw>
          <listOfParameters>
            <parameter id="max" name="max" value="0.03127428119299273" />
            <parameter id="deltaProtein" name="deltaProtein" value="0.016684256058119955" />
            <parameter id="maxTranslation" name="maxTranslation" value="0.016684256058119955" />
            <parameter id="bindsAsComplex_1" name="bindsAsComplex_1" value="1.0" />
            <parameter id="numActivators_1" name="numActivators_1" value="3.0" />
            <parameter id="numDeactivators_1" name="numDeactivators_1" value="0.0" />
            <parameter id="bindsAsComplex_2" name="bindsAsComplex_2" value="0.0" />
            <parameter id="numActivators_2" name="numActivators_2" value="1.0" />
            <parameter id="numDeactivators_2" name="numDeactivators_2" value="0.0" />
            <parameter id="a_0" name="a_0" value="0.05289828722376213" />
            <parameter id="a_1" name="a_1" value="0.5919356052054463" />
            <parameter id="a_2" name="a_2" value="0.5843179093324918" />
            <parameter id="a_3" name="a_3" value="1.0" />
            <parameter id="k_1" name="k_1" value="0.24478703659726309" />
            <parameter id="k_2" name="k_2" value="0.9764379764068871" />
            <parameter id="k_3" name="k_3" value="0.5676484319218434" />
            <parameter id="k_4" name="k_4" value="0.3284524600254372" />
            <parameter id="n_1" name="n_1" value="2.4879549869601116" />
            <parameter id="n_2" name="n_2" value="2.292019162410937" />
            <parameter id="n_3" name="n_3" value="2.604723136385508" />
            <parameter id="n_4" name="n_4" value="2.494697348851522" />
          </listOfParameters>
        </kineticLaw>
      </reaction>
      <reaction id="G4_degradation" name="G4_degradation" reversible="false">
        <listOfReactants>
          <speciesReference species="G4" />
        </listOfReactants>
        <listOfProducts>
          <speciesReference species="_void_" />
        </listOfProducts>
        <kineticLaw>
          <listOfParameters>
            <parameter id="delta" name="delta" value="0.03127428119299273" />
          </listOfParameters>
        </kineticLaw>
      </reaction>
      <reaction id="G5_synthesis" name="G5_synthesis: ~(1)" reversible="false">
        <listOfReactants>
          <speciesReference species="_void_" />
        </listOfReactants>
        <listOfProducts>
          <speciesReference species="G5" />
        </listOfProducts>
        <listOfModifiers>
          <modifierSpeciesReference species="G1" />
        </listOfModifiers>
        <kineticLaw>
          <listOfParameters>
            <parameter id="max" name="max" value="0.027465993591510605" />
            <parameter id="deltaProtein" name="deltaProtein" value="0.027933611026288035" />
            <parameter id="maxTranslation" name="maxTranslation" value="0.027933611026288035" />
            <parameter id="bindsAsComplex_1" name="bindsAsComplex_1" value="0.0" />
            <parameter id="numActivators_1" name="numActivators_1" value="1.0" />
            <parameter id="numDeactivators_1" name="numDeactivators_1" value="0.0" />
            <parameter id="a_0" name="a_0" value="1.0" />
            <parameter id="a_1" name="a_1" value="0.04839378419244156" />
            <parameter id="k_1" name="k_1" value="0.4841788942203857" />
            <parameter id="n_1" name="n_1" value="2.600091568383157" />
          </listOfParameters>
        </kineticLaw>
      </reaction>
      <reaction id="G5_degradation" name="G5_degradation" reversible="false">
        <listOfReactants>
          <speciesReference species="G5" />
        </listOfReactants>
        <listOfProducts>
          <speciesReference species="_void_" />
        </listOfProducts>
        <kineticLaw>
          <listOfParameters>
            <parameter id="delta" name="delta" value="0.027465993591510605" />
          </listOfParameters>
        </kineticLaw>
      </reaction>
      <reaction id="G6_synthesis" name="G6_synthesis: ~(1)" reversible="false">
        <listOfReactants>
          <speciesReference species="_void_" />
        </listOfReactants>
        <listOfProducts>
          <speciesReference species="G6" />
        </listOfProducts>
        <listOfModifiers>
          <modifierSpeciesReference species="G8" />
        </listOfModifiers>
        <kineticLaw>
          <listOfParameters>
            <parameter id="max" name="max" value="0.016773981465267117" />
            <parameter id="deltaProtein" name="deltaProtein" value="0.01845757409850252" />
            <parameter id="maxTranslation" name="maxTranslation" value="0.01845757409850252" />
            <parameter id="bindsAsComplex_1" name="bindsAsComplex_1" value="1.0" />
            <parameter id="numActivators_1" name="numActivators_1" value="1.0" />
            <parameter id="numDeactivators_1" name="numDeactivators_1" value="0.0" />
            <parameter id="a_0" name="a_0" value="1.0" />
            <parameter id="a_1" name="a_1" value="0.04161895335252508" />
            <parameter id="k_1" name="k_1" value="0.8341630530823022" />
            <parameter id="n_1" name="n_1" value="1.2067179670869939" />
          </listOfParameters>
        </kineticLaw>
      </reaction>
      <reaction id="G6_degradation" name="G6_degradation" reversible="false">
        <listOfReactants>
          <speciesReference species="G6" />
        </listOfReactants>
        <listOfProducts>
          <speciesReference species="_void_" />
        </listOfProducts>
        <kineticLaw>
          <listOfParameters>
            <parameter id="delta" name="delta" value="0.016773981465267117" />
          </listOfParameters>
        </kineticLaw>
      </reaction>
      <reaction id="G7_synthesis" name="G7_synthesis: ~(1)" reversible="false">
        <listOfReactants>
          <speciesReference species="_void_" />
        </listOfReactants>
        <listOfProducts>
          <speciesReference species="G7" />
        </listOfProducts>
        <listOfModifiers>
          <modifierSpeciesReference species="G3" />
        </listOfModifiers>
        <kineticLaw>
          <listOfParameters>
            <parameter id="max" name="max" value="0.025748951570162618" />
            <parameter id="deltaProtein" name="deltaProtein" value="0.02157385188259173" />
            <parameter id="maxTranslation" name="maxTranslation" value="0.02157385188259173" />
            <parameter id="bindsAsComplex_1" name="bindsAsComplex_1" value="0.0" />
            <parameter id="numActivators_1" name="numActivators_1" value="1.0" />
            <parameter id="numDeactivators_1" name="numDeactivators_1" value="0.0" />
            <parameter id="a_0" name="a_0" value="1.0" />
            <parameter id="a_1" name="a_1" value="0.014419186027356368" />
            <parameter id="k_1" name="k_1" value="0.6391504655312746" />
            <parameter id="n_1" name="n_1" value="5.077798765033641" />
          </listOfParameters>
        </kineticLaw>
      </reaction>
      <reaction id="G7_degradation" name="G7_degradation" reversible="false">
        <listOfReactants>
          <speciesReference species="G7" />
        </listOfReactants>
        <listOfProducts>
          <speciesReference species="_void_" />
        </listOfProducts>
        <kineticLaw>
          <listOfParameters>
            <parameter id="delta" name="delta" value="0.025748951570162618" />
          </listOfParameters>
        </kineticLaw>
      </reaction>
      <reaction id="G8_synthesis" name="G8_synthesis: no inputs" reversible="false">
        <listOfReactants>
          <speciesReference species="_void_" />
        </listOfReactants>
        <listOfProducts>
          <speciesReference species="G8" />
        </listOfProducts>
        <kineticLaw>
          <listOfParameters>
            <parameter id="max" name="max" value="0.02204316313251564" />
            <parameter id="deltaProtein" name="deltaProtein" value="0.03204329983430016" />
            <parameter id="maxTranslation" name="maxTranslation" value="0.03204329983430016" />
            <parameter id="a_0" name="a_0" value="1.0" />
          </listOfParameters>
        </kineticLaw>
      </reaction>
      <reaction id="G8_degradation" name="G8_degradation" reversible="false">
        <listOfReactants>
          <speciesReference species="G8" />
        </listOfReactants>
        <listOfProducts>
          <speciesReference species="_void_" />
        </listOfProducts>
        <kineticLaw>
          <listOfParameters>
            <parameter id="delta" name="delta" value="0.02204316313251564" />
          </listOfParameters>
        </kineticLaw>
      </reaction>
      <reaction id="G9_synthesis" name="G9_synthesis: no inputs" reversible="false">
        <listOfReactants>
          <speciesReference species="_void_" />
        </listOfReactants>
        <listOfProducts>
          <speciesReference species="G9" />
        </listOfProducts>
        <kineticLaw>
          <listOfParameters>
            <parameter id="max" name="max" value="0.017703335167995143" />
            <parameter id="deltaProtein" name="deltaProtein" value="0.020183785426918725" />
            <parameter id="maxTranslation" name="maxTranslation" value="0.020183785426918725" />
            <parameter id="a_0" name="a_0" value="1.0" />
          </listOfParameters>
        </kineticLaw>
      </reaction>
      <reaction id="G9_degradation" name="G9_degradation" reversible="false">
        <listOfReactants>
          <speciesReference species="G9" />
        </listOfReactants>
        <listOfProducts>
          <speciesReference species="_void_" />
        </listOfProducts>
        <kineticLaw>
          <listOfParameters>
            <parameter id="delta" name="delta" value="0.017703335167995143" />
          </listOfParameters>
        </kineticLaw>
      </reaction>
      <reaction id="G10_synthesis" name="G10_synthesis: (1)" reversible="false">
        <listOfReactants>
          <speciesReference species="_void_" />
        </listOfReactants>
        <listOfProducts>
          <speciesReference species="G10" />
        </listOfProducts>
        <listOfModifiers>
          <modifierSpeciesReference species="G9" />
        </listOfModifiers>
        <kineticLaw>
          <listOfParameters>
            <parameter id="max" name="max" value="0.02393531061330784" />
            <parameter id="deltaProtein" name="deltaProtein" value="0.023303524238406665" />
            <parameter id="maxTranslation" name="maxTranslation" value="0.023303524238406665" />
            <parameter id="bindsAsComplex_1" name="bindsAsComplex_1" value="0.0" />
            <parameter id="numActivators_1" name="numActivators_1" value="1.0" />
            <parameter id="numDeactivators_1" name="numDeactivators_1" value="0.0" />
            <parameter id="a_0" name="a_0" value="0.07171511841122566" />
            <parameter id="a_1" name="a_1" value="1.0" />
            <parameter id="k_1" name="k_1" value="0.22689975995570422" />
            <parameter id="n_1" name="n_1" value="4.02906374917333" />
          </listOfParameters>
        </kineticLaw>
      </reaction>
      <reaction id="G10_degradation" name="G10_degradation" reversible="false">
        <listOfReactants>
          <speciesReference species="G10" />
        </listOfReactants>
        <listOfProducts>
          <speciesReference species="_void_" />
        </listOfProducts>
        <kineticLaw>
          <listOfParameters>
            <parameter id="delta" name="delta" value="0.02393531061330784" />
          </listOfParameters>
        </kineticLaw>
      </reaction>
    </listOfReactions>
  </model>
</sbml>
