<?xml version="1.0" encoding="UTF-8"?>
<sbml xmlns="http://www.sbml.org/sbml/level2" xmlns:html="http://www.w3.org/1999/xhtml" xmlns:jigcell="http://www.sbml.org/2001/ns/jigcell" xmlns:math="http://www.w3.org/1998/Math/MathML" xmlns:rdf="http://www.w3.org/1999/02/22-rdf-syntax-ns#" xmlns:sbml="http://www.sbml.org/sbml/level2" xmlns:xlink="http://www.w3.org/1999/xlink" level="2" version="1">
  <model name="InSilicoSize10-Yeast3">
<notes><p xmlns="http://www.w3.org/1999/xhtml">This network is a child of the network "RegulyYeast" generated by Eepidemic.</p></notes>
    <listOfCompartments>
      <compartment id="cell" name="cell" size="1.0" />
    </listOfCompartments>
    <listOfSpecies>
      <species id="G1" name="G1" compartment="cell" />
      <species id="G2" name="G2" compartment="cell" />
      <species id="G3" name="G3" compartment="cell" />
      <species id="G4" name="G4" compartment="cell" />
      <species id="G5" name="G5" compartment="cell" />
      <species id="G6" name="G6" compartment="cell" />
      <species id="G7" name="G7" compartment="cell" />
      <species id="G8" name="G8" compartment="cell" />
      <species id="G9" name="G9" compartment="cell" />
      <species id="G10" name="G10" compartment="cell" />
      <species id="_void_" name="_void_" compartment="cell" initialAmount="0.0" boundaryCondition="true" constant="true" />
    </listOfSpecies>
    <listOfReactions>
      <reaction id="G1_synthesis" name="G1_synthesis: 123 + ~4 + 5" reversible="false">
        <listOfReactants>
          <speciesReference species="_void_" />
        </listOfReactants>
        <listOfProducts>
          <speciesReference species="G1" />
        </listOfProducts>
        <listOfModifiers>
          <modifierSpeciesReference species="G6" />
          <modifierSpeciesReference species="G3" />
          <modifierSpeciesReference species="G5" />
          <modifierSpeciesReference species="G2" />
          <modifierSpeciesReference species="G4" />
        </listOfModifiers>
        <kineticLaw>
          <listOfParameters>
            <parameter id="max" name="max" value="0.02265739182008466" />
            <parameter id="deltaProtein" name="deltaProtein" value="0.02852083359637203" />
            <parameter id="maxTranslation" name="maxTranslation" value="0.02852083359637203" />
            <parameter id="bindsAsComplex_1" name="bindsAsComplex_1" value="1.0" />
            <parameter id="numActivators_1" name="numActivators_1" value="3.0" />
            <parameter id="numDeactivators_1" name="numDeactivators_1" value="0.0" />
            <parameter id="bindsAsComplex_2" name="bindsAsComplex_2" value="0.0" />
            <parameter id="numActivators_2" name="numActivators_2" value="1.0" />
            <parameter id="numDeactivators_2" name="numDeactivators_2" value="0.0" />
            <parameter id="bindsAsComplex_3" name="bindsAsComplex_3" value="1.0" />
            <parameter id="numActivators_3" name="numActivators_3" value="1.0" />
            <parameter id="numDeactivators_3" name="numDeactivators_3" value="0.0" />
            <parameter id="a_0" name="a_0" value="0.4644638165004524" />
            <parameter id="a_1" name="a_1" value="1.0" />
            <parameter id="a_2" name="a_2" value="0.0" />
            <parameter id="a_3" name="a_3" value="0.40852633807144867" />
            <parameter id="a_4" name="a_4" value="1.0" />
            <parameter id="a_5" name="a_5" value="1.0" />
            <parameter id="a_6" name="a_6" value="0.24678274746611356" />
            <parameter id="a_7" name="a_7" value="1.0" />
            <parameter id="k_1" name="k_1" value="0.2252344936648129" />
            <parameter id="k_2" name="k_2" value="0.2782125665952087" />
            <parameter id="k_3" name="k_3" value="0.15442256624227285" />
            <parameter id="k_4" name="k_4" value="0.2867220974790367" />
            <parameter id="k_5" name="k_5" value="0.12221102535214445" />
            <parameter id="n_1" name="n_1" value="2.94468570963834" />
            <parameter id="n_2" name="n_2" value="2.5084590831484603" />
            <parameter id="n_3" name="n_3" value="5.3395633681416514" />
            <parameter id="n_4" name="n_4" value="2.317330440848778" />
            <parameter id="n_5" name="n_5" value="1.5237546950532077" />
          </listOfParameters>
        </kineticLaw>
      </reaction>
      <reaction id="G1_degradation" name="G1_degradation" reversible="false">
        <listOfReactants>
          <speciesReference species="G1" />
        </listOfReactants>
        <listOfProducts>
          <speciesReference species="_void_" />
        </listOfProducts>
        <kineticLaw>
          <listOfParameters>
            <parameter id="delta" name="delta" value="0.02265739182008466" />
          </listOfParameters>
        </kineticLaw>
      </reaction>
      <reaction id="G2_synthesis" name="G2_synthesis: ~(1~2)" reversible="false">
        <listOfReactants>
          <speciesReference species="_void_" />
        </listOfReactants>
        <listOfProducts>
          <speciesReference species="G2" />
        </listOfProducts>
        <listOfModifiers>
          <modifierSpeciesReference species="G3" />
          <modifierSpeciesReference species="G7" />
        </listOfModifiers>
        <kineticLaw>
          <listOfParameters>
            <parameter id="max" name="max" value="0.02522045697278368" />
            <parameter id="deltaProtein" name="deltaProtein" value="0.01854622207063538" />
            <parameter id="maxTranslation" name="maxTranslation" value="0.01854622207063538" />
            <parameter id="bindsAsComplex_1" name="bindsAsComplex_1" value="0.0" />
            <parameter id="numActivators_1" name="numActivators_1" value="1.0" />
            <parameter id="numDeactivators_1" name="numDeactivators_1" value="1.0" />
            <parameter id="a_0" name="a_0" value="1.0" />
            <parameter id="a_1" name="a_1" value="0.06008016628840074" />
            <parameter id="k_1" name="k_1" value="0.2422258873285505" />
            <parameter id="k_2" name="k_2" value="0.19365403706438988" />
            <parameter id="n_1" name="n_1" value="1.522980285310631" />
            <parameter id="n_2" name="n_2" value="1.2108398321656229" />
          </listOfParameters>
        </kineticLaw>
      </reaction>
      <reaction id="G2_degradation" name="G2_degradation" reversible="false">
        <listOfReactants>
          <speciesReference species="G2" />
        </listOfReactants>
        <listOfProducts>
          <speciesReference species="_void_" />
        </listOfProducts>
        <kineticLaw>
          <listOfParameters>
            <parameter id="delta" name="delta" value="0.02522045697278368" />
          </listOfParameters>
        </kineticLaw>
      </reaction>
      <reaction id="G3_synthesis" name="G3_synthesis: ~1" reversible="false">
        <listOfReactants>
          <speciesReference species="_void_" />
        </listOfReactants>
        <listOfProducts>
          <speciesReference species="G3" />
        </listOfProducts>
        <listOfModifiers>
          <modifierSpeciesReference species="G7" />
        </listOfModifiers>
        <kineticLaw>
          <listOfParameters>
            <parameter id="max" name="max" value="0.021720709095320114" />
            <parameter id="deltaProtein" name="deltaProtein" value="0.02553665073397891" />
            <parameter id="maxTranslation" name="maxTranslation" value="0.02553665073397891" />
            <parameter id="bindsAsComplex_1" name="bindsAsComplex_1" value="0.0" />
            <parameter id="numActivators_1" name="numActivators_1" value="1.0" />
            <parameter id="numDeactivators_1" name="numDeactivators_1" value="0.0" />
            <parameter id="a_0" name="a_0" value="1.0" />
            <parameter id="a_1" name="a_1" value="0.011566347766107543" />
            <parameter id="k_1" name="k_1" value="0.10887145440950906" />
            <parameter id="n_1" name="n_1" value="2.8531123239314202" />
          </listOfParameters>
        </kineticLaw>
      </reaction>
      <reaction id="G3_degradation" name="G3_degradation" reversible="false">
        <listOfReactants>
          <speciesReference species="G3" />
        </listOfReactants>
        <listOfProducts>
          <speciesReference species="_void_" />
        </listOfProducts>
        <kineticLaw>
          <listOfParameters>
            <parameter id="delta" name="delta" value="0.021720709095320114" />
          </listOfParameters>
        </kineticLaw>
      </reaction>
      <reaction id="G4_synthesis" name="G4_synthesis: ~1" reversible="false">
        <listOfReactants>
          <speciesReference species="_void_" />
        </listOfReactants>
        <listOfProducts>
          <speciesReference species="G4" />
        </listOfProducts>
        <listOfModifiers>
          <modifierSpeciesReference species="G3" />
        </listOfModifiers>
        <kineticLaw>
          <listOfParameters>
            <parameter id="max" name="max" value="0.02143253840329077" />
            <parameter id="deltaProtein" name="deltaProtein" value="0.02644271215613006" />
            <parameter id="maxTranslation" name="maxTranslation" value="0.02644271215613006" />
            <parameter id="bindsAsComplex_1" name="bindsAsComplex_1" value="0.0" />
            <parameter id="numActivators_1" name="numActivators_1" value="1.0" />
            <parameter id="numDeactivators_1" name="numDeactivators_1" value="0.0" />
            <parameter id="a_0" name="a_0" value="1.0" />
            <parameter id="a_1" name="a_1" value="0.014420367561279401" />
            <parameter id="k_1" name="k_1" value="0.17793729886874673" />
            <parameter id="n_1" name="n_1" value="1.2823008580115964" />
          </listOfParameters>
        </kineticLaw>
      </reaction>
      <reaction id="G4_degradation" name="G4_degradation" reversible="false">
        <listOfReactants>
          <speciesReference species="G4" />
        </listOfReactants>
        <listOfProducts>
          <speciesReference species="_void_" />
        </listOfProducts>
        <kineticLaw>
          <listOfParameters>
            <parameter id="delta" name="delta" value="0.02143253840329077" />
          </listOfParameters>
        </kineticLaw>
      </reaction>
      <reaction id="G5_synthesis" name="G5_synthesis: ~(1~2) + ~(345~6) + ~7" reversible="false">
        <listOfReactants>
          <speciesReference species="_void_" />
        </listOfReactants>
        <listOfProducts>
          <speciesReference species="G5" />
        </listOfProducts>
        <listOfModifiers>
          <modifierSpeciesReference species="G8" />
          <modifierSpeciesReference species="G3" />
          <modifierSpeciesReference species="G6" />
          <modifierSpeciesReference species="G4" />
          <modifierSpeciesReference species="G9" />
          <modifierSpeciesReference species="G2" />
          <modifierSpeciesReference species="G7" />
        </listOfModifiers>
        <kineticLaw>
          <listOfParameters>
            <parameter id="max" name="max" value="0.019974364525768114" />
            <parameter id="deltaProtein" name="deltaProtein" value="0.03619229091270229" />
            <parameter id="maxTranslation" name="maxTranslation" value="0.03619229091270229" />
            <parameter id="bindsAsComplex_1" name="bindsAsComplex_1" value="0.0" />
            <parameter id="numActivators_1" name="numActivators_1" value="1.0" />
            <parameter id="numDeactivators_1" name="numDeactivators_1" value="1.0" />
            <parameter id="bindsAsComplex_2" name="bindsAsComplex_2" value="0.0" />
            <parameter id="numActivators_2" name="numActivators_2" value="3.0" />
            <parameter id="numDeactivators_2" name="numDeactivators_2" value="1.0" />
            <parameter id="bindsAsComplex_3" name="bindsAsComplex_3" value="0.0" />
            <parameter id="numActivators_3" name="numActivators_3" value="1.0" />
            <parameter id="numDeactivators_3" name="numDeactivators_3" value="0.0" />
            <parameter id="a_0" name="a_0" value="1.0" />
            <parameter id="a_1" name="a_1" value="0.3948935649716595" />
            <parameter id="a_2" name="a_2" value="0.6143920929197487" />
            <parameter id="a_3" name="a_3" value="0.009285657891408228" />
            <parameter id="a_4" name="a_4" value="0.16683928468485243" />
            <parameter id="a_5" name="a_5" value="0.0" />
            <parameter id="a_6" name="a_6" value="0.0" />
            <parameter id="a_7" name="a_7" value="0.0" />
            <parameter id="k_1" name="k_1" value="0.2621551479107594" />
            <parameter id="k_2" name="k_2" value="0.06677267471023908" />
            <parameter id="k_3" name="k_3" value="0.33144721169453834" />
            <parameter id="k_4" name="k_4" value="0.2622283786868329" />
            <parameter id="k_5" name="k_5" value="0.21711435991478098" />
            <parameter id="k_6" name="k_6" value="0.02956003300849173" />
            <parameter id="k_7" name="k_7" value="0.21662710335183835" />
            <parameter id="n_1" name="n_1" value="2.108459348146737" />
            <parameter id="n_2" name="n_2" value="1.0863919124552766" />
            <parameter id="n_3" name="n_3" value="2.110877725928187" />
            <parameter id="n_4" name="n_4" value="2.662842536903934" />
            <parameter id="n_5" name="n_5" value="2.2421022560464645" />
            <parameter id="n_6" name="n_6" value="8.000258875120439" />
            <parameter id="n_7" name="n_7" value="2.935561537091934" />
          </listOfParameters>
        </kineticLaw>
      </reaction>
      <reaction id="G5_degradation" name="G5_degradation" reversible="false">
        <listOfReactants>
          <speciesReference species="G5" />
        </listOfReactants>
        <listOfProducts>
          <speciesReference species="_void_" />
        </listOfProducts>
        <kineticLaw>
          <listOfParameters>
            <parameter id="delta" name="delta" value="0.019974364525768114" />
          </listOfParameters>
        </kineticLaw>
      </reaction>
      <reaction id="G6_synthesis" name="G6_synthesis: no inputs" reversible="false">
        <listOfReactants>
          <speciesReference species="_void_" />
        </listOfReactants>
        <listOfProducts>
          <speciesReference species="G6" />
        </listOfProducts>
        <kineticLaw>
          <listOfParameters>
            <parameter id="max" name="max" value="0.034100377138467225" />
            <parameter id="deltaProtein" name="deltaProtein" value="0.022789435540226576" />
            <parameter id="maxTranslation" name="maxTranslation" value="0.022789435540226576" />
            <parameter id="a_0" name="a_0" value="1.0" />
          </listOfParameters>
        </kineticLaw>
      </reaction>
      <reaction id="G6_degradation" name="G6_degradation" reversible="false">
        <listOfReactants>
          <speciesReference species="G6" />
        </listOfReactants>
        <listOfProducts>
          <speciesReference species="_void_" />
        </listOfProducts>
        <kineticLaw>
          <listOfParameters>
            <parameter id="delta" name="delta" value="0.034100377138467225" />
          </listOfParameters>
        </kineticLaw>
      </reaction>
      <reaction id="G7_synthesis" name="G7_synthesis: no inputs" reversible="false">
        <listOfReactants>
          <speciesReference species="_void_" />
        </listOfReactants>
        <listOfProducts>
          <speciesReference species="G7" />
        </listOfProducts>
        <kineticLaw>
          <listOfParameters>
            <parameter id="max" name="max" value="0.03392016186037276" />
            <parameter id="deltaProtein" name="deltaProtein" value="0.02400289075613706" />
            <parameter id="maxTranslation" name="maxTranslation" value="0.02400289075613706" />
            <parameter id="a_0" name="a_0" value="1.0" />
          </listOfParameters>
        </kineticLaw>
      </reaction>
      <reaction id="G7_degradation" name="G7_degradation" reversible="false">
        <listOfReactants>
          <speciesReference species="G7" />
        </listOfReactants>
        <listOfProducts>
          <speciesReference species="_void_" />
        </listOfProducts>
        <kineticLaw>
          <listOfParameters>
            <parameter id="delta" name="delta" value="0.03392016186037276" />
          </listOfParameters>
        </kineticLaw>
      </reaction>
      <reaction id="G8_synthesis" name="G8_synthesis: ~1" reversible="false">
        <listOfReactants>
          <speciesReference species="_void_" />
        </listOfReactants>
        <listOfProducts>
          <speciesReference species="G8" />
        </listOfProducts>
        <listOfModifiers>
          <modifierSpeciesReference species="G7" />
        </listOfModifiers>
        <kineticLaw>
          <listOfParameters>
            <parameter id="max" name="max" value="0.022084042902325157" />
            <parameter id="deltaProtein" name="deltaProtein" value="0.025948993948192202" />
            <parameter id="maxTranslation" name="maxTranslation" value="0.025948993948192202" />
            <parameter id="bindsAsComplex_1" name="bindsAsComplex_1" value="1.0" />
            <parameter id="numActivators_1" name="numActivators_1" value="1.0" />
            <parameter id="numDeactivators_1" name="numDeactivators_1" value="0.0" />
            <parameter id="a_0" name="a_0" value="1.0" />
            <parameter id="a_1" name="a_1" value="0.07824622686006188" />
            <parameter id="k_1" name="k_1" value="0.09931183502226161" />
            <parameter id="n_1" name="n_1" value="1.5773615065025226" />
          </listOfParameters>
        </kineticLaw>
      </reaction>
      <reaction id="G8_degradation" name="G8_degradation" reversible="false">
        <listOfReactants>
          <speciesReference species="G8" />
        </listOfReactants>
        <listOfProducts>
          <speciesReference species="_void_" />
        </listOfProducts>
        <kineticLaw>
          <listOfParameters>
            <parameter id="delta" name="delta" value="0.022084042902325157" />
          </listOfParameters>
        </kineticLaw>
      </reaction>
      <reaction id="G9_synthesis" name="G9_synthesis: ~12 + ~3" reversible="false">
        <listOfReactants>
          <speciesReference species="_void_" />
        </listOfReactants>
        <listOfProducts>
          <speciesReference species="G9" />
        </listOfProducts>
        <listOfModifiers>
          <modifierSpeciesReference species="G10" />
          <modifierSpeciesReference species="G7" />
          <modifierSpeciesReference species="G8" />
        </listOfModifiers>
        <kineticLaw>
          <listOfParameters>
            <parameter id="max" name="max" value="0.02301330548954573" />
            <parameter id="deltaProtein" name="deltaProtein" value="0.022510715982754694" />
            <parameter id="maxTranslation" name="maxTranslation" value="0.022510715982754694" />
            <parameter id="bindsAsComplex_1" name="bindsAsComplex_1" value="0.0" />
            <parameter id="numActivators_1" name="numActivators_1" value="2.0" />
            <parameter id="numDeactivators_1" name="numDeactivators_1" value="0.0" />
            <parameter id="bindsAsComplex_2" name="bindsAsComplex_2" value="1.0" />
            <parameter id="numActivators_2" name="numActivators_2" value="1.0" />
            <parameter id="numDeactivators_2" name="numDeactivators_2" value="0.0" />
            <parameter id="a_0" name="a_0" value="1.0" />
            <parameter id="a_1" name="a_1" value="0.1052246473041063" />
            <parameter id="a_2" name="a_2" value="0.2922145093045382" />
            <parameter id="a_3" name="a_3" value="0.0" />
            <parameter id="k_1" name="k_1" value="0.2339713306828958" />
            <parameter id="k_2" name="k_2" value="0.14128838117700288" />
            <parameter id="k_3" name="k_3" value="0.027336287865896227" />
            <parameter id="n_1" name="n_1" value="2.3007011838849287" />
            <parameter id="n_2" name="n_2" value="2.2710021528132067" />
            <parameter id="n_3" name="n_3" value="4.636160303542992" />
          </listOfParameters>
        </kineticLaw>
      </reaction>
      <reaction id="G9_degradation" name="G9_degradation" reversible="false">
        <listOfReactants>
          <speciesReference species="G9" />
        </listOfReactants>
        <listOfProducts>
          <speciesReference species="_void_" />
        </listOfProducts>
        <kineticLaw>
          <listOfParameters>
            <parameter id="delta" name="delta" value="0.02301330548954573" />
          </listOfParameters>
        </kineticLaw>
      </reaction>
      <reaction id="G10_synthesis" name="G10_synthesis: ~(1~2)" reversible="false">
        <listOfReactants>
          <speciesReference species="_void_" />
        </listOfReactants>
        <listOfProducts>
          <speciesReference species="G10" />
        </listOfProducts>
        <listOfModifiers>
          <modifierSpeciesReference species="G3" />
          <modifierSpeciesReference species="G7" />
        </listOfModifiers>
        <kineticLaw>
          <listOfParameters>
            <parameter id="max" name="max" value="0.018390246426311704" />
            <parameter id="deltaProtein" name="deltaProtein" value="0.02538157460946432" />
            <parameter id="maxTranslation" name="maxTranslation" value="0.02538157460946432" />
            <parameter id="bindsAsComplex_1" name="bindsAsComplex_1" value="0.0" />
            <parameter id="numActivators_1" name="numActivators_1" value="1.0" />
            <parameter id="numDeactivators_1" name="numDeactivators_1" value="1.0" />
            <parameter id="a_0" name="a_0" value="1.0" />
            <parameter id="a_1" name="a_1" value="0.0035743306573570166" />
            <parameter id="k_1" name="k_1" value="0.02868289068996147" />
            <parameter id="k_2" name="k_2" value="0.04054624741399584" />
            <parameter id="n_1" name="n_1" value="2.590124495377196" />
            <parameter id="n_2" name="n_2" value="3.5414260268813096" />
          </listOfParameters>
        </kineticLaw>
      </reaction>
      <reaction id="G10_degradation" name="G10_degradation" reversible="false">
        <listOfReactants>
          <speciesReference species="G10" />
        </listOfReactants>
        <listOfProducts>
          <speciesReference species="_void_" />
        </listOfProducts>
        <kineticLaw>
          <listOfParameters>
            <parameter id="delta" name="delta" value="0.018390246426311704" />
          </listOfParameters>
        </kineticLaw>
      </reaction>
    </listOfReactions>
  </model>
</sbml>
